idpark,naziv,povrsina,utemeljen,sluzbenastranica,email,nazivlokacija,nazivdrzava,tel,nazivvrsta,nazivprodajnogmjesta,nazivznamenitosti,opisznamenitosti
1,Brijuni,33.9,1983-10-27,https://www.np-brijuni.hr/hr,izleti@np-brijuni.hr,Istarska županija,Hrvatska,00385 (0)52 525 882,Nacionalni Park Prirode,"Izletnička poslovnica NP Brijuni u Fažani, Brionska 10",Vidikovac na Ciprovcu,"Najočuvaniji od tri Kupelwieserova vidikovca koji se zbog svoje konstrukcije izlagao na brojnim izložbama. Izrađeni su oko 1900. godine u željezari u Vitkovicama, u kojoj je do dolaska na Brijune radio Paul Kupelwieser. Nekoć dominantnu turističku atrakciju nadrasla je šuma. Drugi očuvani vidikovac nalazi se na brdu Saluga, iznad glavnog brijunskog kupališta."
1,Brijuni,33.9,1983-10-27,https://www.np-brijuni.hr/hr,izleti@np-brijuni.hr,Istarska županija,Hrvatska,00385 (0)52 525 883,Nacionalni Park Prirode,"Izletnička poslovnica NP Brijuni u Fažani, Brionska 10",Vidikovac na Ciprovcu,"Najočuvaniji od tri Kupelwieserova vidikovca koji se zbog svoje konstrukcije izlagao na brojnim izložbama. Izrađeni su oko 1900. godine u željezari u Vitkovicama, u kojoj je do dolaska na Brijune radio Paul Kupelwieser. Nekoć dominantnu turističku atrakciju nadrasla je šuma. Drugi očuvani vidikovac nalazi se na brdu Saluga, iznad glavnog brijunskog kupališta."
1,Brijuni,33.9,1983-10-27,https://www.np-brijuni.hr/hr,izleti@np-brijuni.hr,Istarska županija,Hrvatska,00385 (0)52 525 882,Nacionalni Park Prirode,"Izletnička poslovnica NP Brijuni u Fažani, Brionska 10",Rimska vila u uvali Verige,"Na zapadnoj obali Brijuna, u uvali Verige, smještena je raskošna rimska vila. Najveći sjaj vila je dosegla u 1. stoljeću poslije Krista, a pojedini dijelovi vile koristili su se do 6. stoljeća. Sastojala se od više građevina različitih namjena smještenih na pomno odabranim lokacijama u raznim dijelovima uvale."
1,Brijuni,33.9,1983-10-27,https://www.np-brijuni.hr/hr,izleti@np-brijuni.hr,Istarska županija,Hrvatska,00385 (0)52 525 883,Nacionalni Park Prirode,"Izletnička poslovnica NP Brijuni u Fažani, Brionska 10",Rimska vila u uvali Verige,"Na zapadnoj obali Brijuna, u uvali Verige, smještena je raskošna rimska vila. Najveći sjaj vila je dosegla u 1. stoljeću poslije Krista, a pojedini dijelovi vile koristili su se do 6. stoljeća. Sastojala se od više građevina različitih namjena smještenih na pomno odabranim lokacijama u raznim dijelovima uvale."
2,Kornati,220,1980-08-13,http://www.np-kornati.hr,turizam@np-kornati.hr,Jadransko more,Hrvatska,00385 (0)22 435 740,Nacionalni Park Prirode,"Recepcija Aba, Butina 2, Murter",Utvrda Tureta,Vrijeme Bizanta ostavilo je po mnogima najmarkantniju građevinu koju danas nalazimo na Kornatima - utvrdu Tureta na otoku Kornatu koja je izgrađena najvjerojatnije u 6. stoljeću (kasna antika/rani srednji vijek). Pretpostavlja se da je njezina vojna posada kontrolirala plovidbu kornatskim arhipelagom i čuvala krška polja Tarac i Željkovci od iznenadnih napada s mora.
2,Kornati,220,1980-08-13,http://www.np-kornati.hr,turizam@np-kornati.hr,Jadransko more,Hrvatska,00385 (0)22 435 740,Nacionalni Park Prirode,"Recepcija Aba, Butina 2, Murter",Vidikovci,"Vidikovac Metlina na otoku Kornatu najviši je i najimpresivniji vrh Nacionalnog parka Kornati (237 m), ali je do njega najteže doći."
2,Kornati,220,1980-08-13,http://www.np-kornati.hr,turizam@np-kornati.hr,Jadransko more,Hrvatska,00385 (0)22 435 740,Nacionalni Park Prirode,"Marina Šibenik d.o.o., Obala Jerka Šižgorića 1, Šibenik",Krune,"Čuvene kornatske „krune“ (strmci ili litice) okrenute prema otvorenom moru, koje karakteriziraju većinu vanjskih otoka u pučinskom otočnom nizu, posebna su odlika i vrijednost ovog prostora. „Krune“ su posljedica pucanja i rasjedanja Zemljine kore uslijed podvlačenja Afričke tektonske ploče pod Euroazijsku."
2,Kornati,220,1980-08-13,http://www.np-kornati.hr,turizam@np-kornati.hr,Jadransko more,Hrvatska,00385 (0)22 435 740,Nacionalni Park Prirode,"Marina Šibenik d.o.o., Obala Jerka Šižgorića 1, Šibenik",Utvrda Tureta,Vrijeme Bizanta ostavilo je po mnogima najmarkantniju građevinu koju danas nalazimo na Kornatima - utvrdu Tureta na otoku Kornatu koja je izgrađena najvjerojatnije u 6. stoljeću (kasna antika/rani srednji vijek). Pretpostavlja se da je njezina vojna posada kontrolirala plovidbu kornatskim arhipelagom i čuvala krška polja Tarac i Željkovci od iznenadnih napada s mora.
2,Kornati,220,1980-08-13,http://www.np-kornati.hr,turizam@np-kornati.hr,Jadransko more,Hrvatska,00385 (0)22 435 740,Nacionalni Park Prirode,"Marina Šibenik d.o.o., Obala Jerka Šižgorića 1, Šibenik",Vidikovci,"Vidikovac Metlina na otoku Kornatu najviši je i najimpresivniji vrh Nacionalnog parka Kornati (237 m), ali je do njega najteže doći."
2,Kornati,220,1980-08-13,http://www.np-kornati.hr,turizam@np-kornati.hr,Jadransko more,Hrvatska,00385 (0)22 435 740,Nacionalni Park Prirode,"Danuvius marina d.o.o., Jurjevgradska 2, Tribunj",Krune,"Čuvene kornatske „krune“ (strmci ili litice) okrenute prema otvorenom moru, koje karakteriziraju većinu vanjskih otoka u pučinskom otočnom nizu, posebna su odlika i vrijednost ovog prostora. „Krune“ su posljedica pucanja i rasjedanja Zemljine kore uslijed podvlačenja Afričke tektonske ploče pod Euroazijsku."
2,Kornati,220,1980-08-13,http://www.np-kornati.hr,turizam@np-kornati.hr,Jadransko more,Hrvatska,00385 (0)22 435 740,Nacionalni Park Prirode,"Danuvius marina d.o.o., Jurjevgradska 2, Tribunj",Utvrda Tureta,Vrijeme Bizanta ostavilo je po mnogima najmarkantniju građevinu koju danas nalazimo na Kornatima - utvrdu Tureta na otoku Kornatu koja je izgrađena najvjerojatnije u 6. stoljeću (kasna antika/rani srednji vijek). Pretpostavlja se da je njezina vojna posada kontrolirala plovidbu kornatskim arhipelagom i čuvala krška polja Tarac i Željkovci od iznenadnih napada s mora.
2,Kornati,220,1980-08-13,http://www.np-kornati.hr,turizam@np-kornati.hr,Jadransko more,Hrvatska,00385 (0)22 435 740,Nacionalni Park Prirode,"Danuvius marina d.o.o., Jurjevgradska 2, Tribunj",Vidikovci,"Vidikovac Metlina na otoku Kornatu najviši je i najimpresivniji vrh Nacionalnog parka Kornati (237 m), ali je do njega najteže doći."
2,Kornati,220,1980-08-13,http://www.np-kornati.hr,turizam@np-kornati.hr,Jadransko more,Hrvatska,00385 (0)22 435 740,Nacionalni Park Prirode,"Marina Kornati, Šetalište kneza Branimira 1, Biograd n/m",Krune,"Čuvene kornatske „krune“ (strmci ili litice) okrenute prema otvorenom moru, koje karakteriziraju većinu vanjskih otoka u pučinskom otočnom nizu, posebna su odlika i vrijednost ovog prostora. „Krune“ su posljedica pucanja i rasjedanja Zemljine kore uslijed podvlačenja Afričke tektonske ploče pod Euroazijsku."
2,Kornati,220,1980-08-13,http://www.np-kornati.hr,turizam@np-kornati.hr,Jadransko more,Hrvatska,00385 (0)22 435 740,Nacionalni Park Prirode,"Marina Kornati, Šetalište kneza Branimira 1, Biograd n/m",Utvrda Tureta,Vrijeme Bizanta ostavilo je po mnogima najmarkantniju građevinu koju danas nalazimo na Kornatima - utvrdu Tureta na otoku Kornatu koja je izgrađena najvjerojatnije u 6. stoljeću (kasna antika/rani srednji vijek). Pretpostavlja se da je njezina vojna posada kontrolirala plovidbu kornatskim arhipelagom i čuvala krška polja Tarac i Željkovci od iznenadnih napada s mora.
2,Kornati,220,1980-08-13,http://www.np-kornati.hr,turizam@np-kornati.hr,Jadransko more,Hrvatska,00385 (0)22 435 740,Nacionalni Park Prirode,"Marina Kornati, Šetalište kneza Branimira 1, Biograd n/m",Vidikovci,"Vidikovac Metlina na otoku Kornatu najviši je i najimpresivniji vrh Nacionalnog parka Kornati (237 m), ali je do njega najteže doći."
2,Kornati,220,1980-08-13,http://www.np-kornati.hr,turizam@np-kornati.hr,Jadransko more,Hrvatska,00385 (0)22 435 740,Nacionalni Park Prirode,"Euronautic d.o.o., Marina Kornati, Biograd n/m",Krune,"Čuvene kornatske „krune“ (strmci ili litice) okrenute prema otvorenom moru, koje karakteriziraju većinu vanjskih otoka u pučinskom otočnom nizu, posebna su odlika i vrijednost ovog prostora. „Krune“ su posljedica pucanja i rasjedanja Zemljine kore uslijed podvlačenja Afričke tektonske ploče pod Euroazijsku."
2,Kornati,220,1980-08-13,http://www.np-kornati.hr,turizam@np-kornati.hr,Jadransko more,Hrvatska,00385 (0)22 435 740,Nacionalni Park Prirode,"Euronautic d.o.o., Marina Kornati, Biograd n/m",Utvrda Tureta,Vrijeme Bizanta ostavilo je po mnogima najmarkantniju građevinu koju danas nalazimo na Kornatima - utvrdu Tureta na otoku Kornatu koja je izgrađena najvjerojatnije u 6. stoljeću (kasna antika/rani srednji vijek). Pretpostavlja se da je njezina vojna posada kontrolirala plovidbu kornatskim arhipelagom i čuvala krška polja Tarac i Željkovci od iznenadnih napada s mora.
2,Kornati,220,1980-08-13,http://www.np-kornati.hr,turizam@np-kornati.hr,Jadransko more,Hrvatska,00385 (0)22 435 740,Nacionalni Park Prirode,"Euronautic d.o.o., Marina Kornati, Biograd n/m",Vidikovci,"Vidikovac Metlina na otoku Kornatu najviši je i najimpresivniji vrh Nacionalnog parka Kornati (237 m), ali je do njega najteže doći."
2,Kornati,220,1980-08-13,http://www.np-kornati.hr,turizam@np-kornati.hr,Jadransko more,Hrvatska,00385 (0)22 435 740,Nacionalni Park Prirode,"Bimex Adria, Marina Dalmacija, Sukošan",Krune,"Čuvene kornatske „krune“ (strmci ili litice) okrenute prema otvorenom moru, koje karakteriziraju većinu vanjskih otoka u pučinskom otočnom nizu, posebna su odlika i vrijednost ovog prostora. „Krune“ su posljedica pucanja i rasjedanja Zemljine kore uslijed podvlačenja Afričke tektonske ploče pod Euroazijsku."
2,Kornati,220,1980-08-13,http://www.np-kornati.hr,turizam@np-kornati.hr,Jadransko more,Hrvatska,00385 (0)22 435 740,Nacionalni Park Prirode,"Bimex Adria, Marina Dalmacija, Sukošan",Utvrda Tureta,Vrijeme Bizanta ostavilo je po mnogima najmarkantniju građevinu koju danas nalazimo na Kornatima - utvrdu Tureta na otoku Kornatu koja je izgrađena najvjerojatnije u 6. stoljeću (kasna antika/rani srednji vijek). Pretpostavlja se da je njezina vojna posada kontrolirala plovidbu kornatskim arhipelagom i čuvala krška polja Tarac i Željkovci od iznenadnih napada s mora.
2,Kornati,220,1980-08-13,http://www.np-kornati.hr,turizam@np-kornati.hr,Jadransko more,Hrvatska,00385 (0)22 435 740,Nacionalni Park Prirode,"Bimex Adria, Marina Dalmacija, Sukošan",Vidikovci,"Vidikovac Metlina na otoku Kornatu najviši je i najimpresivniji vrh Nacionalnog parka Kornati (237 m), ali je do njega najteže doći."
2,Kornati,220,1980-08-13,http://www.np-kornati.hr,turizam@np-kornati.hr,Jadransko more,Hrvatska,00385 (0)22 435 740,Nacionalni Park Prirode,"Albatros Yachting, I. Meštrovića 2, Marina Zadar",Krune,"Čuvene kornatske „krune“ (strmci ili litice) okrenute prema otvorenom moru, koje karakteriziraju većinu vanjskih otoka u pučinskom otočnom nizu, posebna su odlika i vrijednost ovog prostora. „Krune“ su posljedica pucanja i rasjedanja Zemljine kore uslijed podvlačenja Afričke tektonske ploče pod Euroazijsku."
2,Kornati,220,1980-08-13,http://www.np-kornati.hr,turizam@np-kornati.hr,Jadransko more,Hrvatska,00385 (0)22 435 740,Nacionalni Park Prirode,"Albatros Yachting, I. Meštrovića 2, Marina Zadar",Utvrda Tureta,Vrijeme Bizanta ostavilo je po mnogima najmarkantniju građevinu koju danas nalazimo na Kornatima - utvrdu Tureta na otoku Kornatu koja je izgrađena najvjerojatnije u 6. stoljeću (kasna antika/rani srednji vijek). Pretpostavlja se da je njezina vojna posada kontrolirala plovidbu kornatskim arhipelagom i čuvala krška polja Tarac i Željkovci od iznenadnih napada s mora.
2,Kornati,220,1980-08-13,http://www.np-kornati.hr,turizam@np-kornati.hr,Jadransko more,Hrvatska,00385 (0)22 435 740,Nacionalni Park Prirode,"Albatros Yachting, I. Meštrovića 2, Marina Zadar",Vidikovci,"Vidikovac Metlina na otoku Kornatu najviši je i najimpresivniji vrh Nacionalnog parka Kornati (237 m), ali je do njega najteže doći."
2,Kornati,220,1980-08-13,http://www.np-kornati.hr,turizam@np-kornati.hr,Jadransko more,Hrvatska,00385 (0)22 435 740,Nacionalni Park Prirode,"Prosper Yachting d.o.o., Marina Tankerkomerc Zadar, Ivana Gundulića 1/B, Zadar",Krune,"Čuvene kornatske „krune“ (strmci ili litice) okrenute prema otvorenom moru, koje karakteriziraju većinu vanjskih otoka u pučinskom otočnom nizu, posebna su odlika i vrijednost ovog prostora. „Krune“ su posljedica pucanja i rasjedanja Zemljine kore uslijed podvlačenja Afričke tektonske ploče pod Euroazijsku."
2,Kornati,220,1980-08-13,http://www.np-kornati.hr,turizam@np-kornati.hr,Jadransko more,Hrvatska,00385 (0)22 435 740,Nacionalni Park Prirode,"Prosper Yachting d.o.o., Marina Tankerkomerc Zadar, Ivana Gundulića 1/B, Zadar",Vidikovci,"Vidikovac Metlina na otoku Kornatu najviši je i najimpresivniji vrh Nacionalnog parka Kornati (237 m), ali je do njega najteže doći."
2,Kornati,220,1980-08-13,http://www.np-kornati.hr,turizam@np-kornati.hr,Jadransko more,Hrvatska,00385 (0)22 435 740,Nacionalni Park Prirode,"Adamo Travel, Sali 112, Sali, Dugi otok",Krune,"Čuvene kornatske „krune“ (strmci ili litice) okrenute prema otvorenom moru, koje karakteriziraju većinu vanjskih otoka u pučinskom otočnom nizu, posebna su odlika i vrijednost ovog prostora. „Krune“ su posljedica pucanja i rasjedanja Zemljine kore uslijed podvlačenja Afričke tektonske ploče pod Euroazijsku."
2,Kornati,220,1980-08-13,http://www.np-kornati.hr,turizam@np-kornati.hr,Jadransko more,Hrvatska,00385 (0)22 435 740,Nacionalni Park Prirode,"Adamo Travel, Sali 112, Sali, Dugi otok",Utvrda Tureta,Vrijeme Bizanta ostavilo je po mnogima najmarkantniju građevinu koju danas nalazimo na Kornatima - utvrdu Tureta na otoku Kornatu koja je izgrađena najvjerojatnije u 6. stoljeću (kasna antika/rani srednji vijek). Pretpostavlja se da je njezina vojna posada kontrolirala plovidbu kornatskim arhipelagom i čuvala krška polja Tarac i Željkovci od iznenadnih napada s mora.
2,Kornati,220,1980-08-13,http://www.np-kornati.hr,turizam@np-kornati.hr,Jadransko more,Hrvatska,00385 (0)22 435 740,Nacionalni Park Prirode,"Adamo Travel, Sali 112, Sali, Dugi otok",Vidikovci,"Vidikovac Metlina na otoku Kornatu najviši je i najimpresivniji vrh Nacionalnog parka Kornati (237 m), ali je do njega najteže doći."
2,Kornati,220,1980-08-13,http://www.np-kornati.hr,turizam@np-kornati.hr,Jadransko more,Hrvatska,00385 (0)22 435 740,Nacionalni Park Prirode,"ACI marina Žut, otok Žut",Krune,"Čuvene kornatske „krune“ (strmci ili litice) okrenute prema otvorenom moru, koje karakteriziraju većinu vanjskih otoka u pučinskom otočnom nizu, posebna su odlika i vrijednost ovog prostora. „Krune“ su posljedica pucanja i rasjedanja Zemljine kore uslijed podvlačenja Afričke tektonske ploče pod Euroazijsku."
2,Kornati,220,1980-08-13,http://www.np-kornati.hr,turizam@np-kornati.hr,Jadransko more,Hrvatska,00385 (0)22 435 740,Nacionalni Park Prirode,"ACI marina Žut, otok Žut",Utvrda Tureta,Vrijeme Bizanta ostavilo je po mnogima najmarkantniju građevinu koju danas nalazimo na Kornatima - utvrdu Tureta na otoku Kornatu koja je izgrađena najvjerojatnije u 6. stoljeću (kasna antika/rani srednji vijek). Pretpostavlja se da je njezina vojna posada kontrolirala plovidbu kornatskim arhipelagom i čuvala krška polja Tarac i Željkovci od iznenadnih napada s mora.
2,Kornati,220,1980-08-13,http://www.np-kornati.hr,turizam@np-kornati.hr,Jadransko more,Hrvatska,00385 (0)22 435 740,Nacionalni Park Prirode,"ACI marina Žut, otok Žut",Vidikovci,"Vidikovac Metlina na otoku Kornatu najviši je i najimpresivniji vrh Nacionalnog parka Kornati (237 m), ali je do njega najteže doći."
2,Kornati,220,1980-08-13,http://www.np-kornati.hr,turizam@np-kornati.hr,Jadransko more,Hrvatska,00385 (0)22 435 740,Nacionalni Park Prirode,"ACI marina Jezera, Obala sv. Ivana 47 E, Jezera",Krune,"Čuvene kornatske „krune“ (strmci ili litice) okrenute prema otvorenom moru, koje karakteriziraju većinu vanjskih otoka u pučinskom otočnom nizu, posebna su odlika i vrijednost ovog prostora. „Krune“ su posljedica pucanja i rasjedanja Zemljine kore uslijed podvlačenja Afričke tektonske ploče pod Euroazijsku."
2,Kornati,220,1980-08-13,http://www.np-kornati.hr,turizam@np-kornati.hr,Jadransko more,Hrvatska,00385 (0)22 435 740,Nacionalni Park Prirode,"ACI marina Jezera, Obala sv. Ivana 47 E, Jezera",Utvrda Tureta,Vrijeme Bizanta ostavilo je po mnogima najmarkantniju građevinu koju danas nalazimo na Kornatima - utvrdu Tureta na otoku Kornatu koja je izgrađena najvjerojatnije u 6. stoljeću (kasna antika/rani srednji vijek). Pretpostavlja se da je njezina vojna posada kontrolirala plovidbu kornatskim arhipelagom i čuvala krška polja Tarac i Željkovci od iznenadnih napada s mora.
2,Kornati,220,1980-08-13,http://www.np-kornati.hr,turizam@np-kornati.hr,Jadransko more,Hrvatska,00385 (0)22 435 740,Nacionalni Park Prirode,"ACI marina Jezera, Obala sv. Ivana 47 E, Jezera",Vidikovci,"Vidikovac Metlina na otoku Kornatu najviši je i najimpresivniji vrh Nacionalnog parka Kornati (237 m), ali je do njega najteže doći."
2,Kornati,220,1980-08-13,http://www.np-kornati.hr,turizam@np-kornati.hr,Jadransko more,Hrvatska,00385 (0)22 435 740,Nacionalni Park Prirode,"ACI marina Vodice, Artina 13 A, Vodice",Krune,"Čuvene kornatske „krune“ (strmci ili litice) okrenute prema otvorenom moru, koje karakteriziraju većinu vanjskih otoka u pučinskom otočnom nizu, posebna su odlika i vrijednost ovog prostora. „Krune“ su posljedica pucanja i rasjedanja Zemljine kore uslijed podvlačenja Afričke tektonske ploče pod Euroazijsku."
2,Kornati,220,1980-08-13,http://www.np-kornati.hr,turizam@np-kornati.hr,Jadransko more,Hrvatska,00385 (0)22 435 740,Nacionalni Park Prirode,"ACI marina Vodice, Artina 13 A, Vodice",Utvrda Tureta,Vrijeme Bizanta ostavilo je po mnogima najmarkantniju građevinu koju danas nalazimo na Kornatima - utvrdu Tureta na otoku Kornatu koja je izgrađena najvjerojatnije u 6. stoljeću (kasna antika/rani srednji vijek). Pretpostavlja se da je njezina vojna posada kontrolirala plovidbu kornatskim arhipelagom i čuvala krška polja Tarac i Željkovci od iznenadnih napada s mora.
2,Kornati,220,1980-08-13,http://www.np-kornati.hr,turizam@np-kornati.hr,Jadransko more,Hrvatska,00385 (0)22 435 740,Nacionalni Park Prirode,"ACI marina Vodice, Artina 13 A, Vodice",Vidikovci,"Vidikovac Metlina na otoku Kornatu najviši je i najimpresivniji vrh Nacionalnog parka Kornati (237 m), ali je do njega najteže doći."
2,Kornati,220,1980-08-13,http://www.np-kornati.hr,turizam@np-kornati.hr,Jadransko more,Hrvatska,00385 (0)22 435 740,Nacionalni Park Prirode,"ACI marina Skradin, Obala bana Pavla Šubića 18, Skradin",Krune,"Čuvene kornatske „krune“ (strmci ili litice) okrenute prema otvorenom moru, koje karakteriziraju većinu vanjskih otoka u pučinskom otočnom nizu, posebna su odlika i vrijednost ovog prostora. „Krune“ su posljedica pucanja i rasjedanja Zemljine kore uslijed podvlačenja Afričke tektonske ploče pod Euroazijsku."
2,Kornati,220,1980-08-13,http://www.np-kornati.hr,turizam@np-kornati.hr,Jadransko more,Hrvatska,00385 (0)22 435 740,Nacionalni Park Prirode,"ACI marina Skradin, Obala bana Pavla Šubića 18, Skradin",Utvrda Tureta,Vrijeme Bizanta ostavilo je po mnogima najmarkantniju građevinu koju danas nalazimo na Kornatima - utvrdu Tureta na otoku Kornatu koja je izgrađena najvjerojatnije u 6. stoljeću (kasna antika/rani srednji vijek). Pretpostavlja se da je njezina vojna posada kontrolirala plovidbu kornatskim arhipelagom i čuvala krška polja Tarac i Željkovci od iznenadnih napada s mora.
2,Kornati,220,1980-08-13,http://www.np-kornati.hr,turizam@np-kornati.hr,Jadransko more,Hrvatska,00385 (0)22 435 740,Nacionalni Park Prirode,"ACI marina Skradin, Obala bana Pavla Šubića 18, Skradin",Vidikovci,"Vidikovac Metlina na otoku Kornatu najviši je i najimpresivniji vrh Nacionalnog parka Kornati (237 m), ali je do njega najteže doći."
2,Kornati,220,1980-08-13,http://www.np-kornati.hr,turizam@np-kornati.hr,Jadransko more,Hrvatska,00385 (0)22 435 740,Nacionalni Park Prirode,"T. A. Bisage, Put Zaratića 3, Jezera",Krune,"Čuvene kornatske „krune“ (strmci ili litice) okrenute prema otvorenom moru, koje karakteriziraju većinu vanjskih otoka u pučinskom otočnom nizu, posebna su odlika i vrijednost ovog prostora. „Krune“ su posljedica pucanja i rasjedanja Zemljine kore uslijed podvlačenja Afričke tektonske ploče pod Euroazijsku."
2,Kornati,220,1980-08-13,http://www.np-kornati.hr,turizam@np-kornati.hr,Jadransko more,Hrvatska,00385 (0)22 435 740,Nacionalni Park Prirode,"T. A. Bisage, Put Zaratića 3, Jezera",Utvrda Tureta,Vrijeme Bizanta ostavilo je po mnogima najmarkantniju građevinu koju danas nalazimo na Kornatima - utvrdu Tureta na otoku Kornatu koja je izgrađena najvjerojatnije u 6. stoljeću (kasna antika/rani srednji vijek). Pretpostavlja se da je njezina vojna posada kontrolirala plovidbu kornatskim arhipelagom i čuvala krška polja Tarac i Željkovci od iznenadnih napada s mora.
2,Kornati,220,1980-08-13,http://www.np-kornati.hr,turizam@np-kornati.hr,Jadransko more,Hrvatska,00385 (0)22 435 740,Nacionalni Park Prirode,"T. A. Bisage, Put Zaratića 3, Jezera",Vidikovci,"Vidikovac Metlina na otoku Kornatu najviši je i najimpresivniji vrh Nacionalnog parka Kornati (237 m), ali je do njega najteže doći."
2,Kornati,220,1980-08-13,http://www.np-kornati.hr,turizam@np-kornati.hr,Jadransko more,Hrvatska,00385 (0)22 435 740,Nacionalni Park Prirode,"Makirina turist d.o.o., Trg Domovinskog rata 1, Pirovac",Krune,"Čuvene kornatske „krune“ (strmci ili litice) okrenute prema otvorenom moru, koje karakteriziraju većinu vanjskih otoka u pučinskom otočnom nizu, posebna su odlika i vrijednost ovog prostora. „Krune“ su posljedica pucanja i rasjedanja Zemljine kore uslijed podvlačenja Afričke tektonske ploče pod Euroazijsku."
2,Kornati,220,1980-08-13,http://www.np-kornati.hr,turizam@np-kornati.hr,Jadransko more,Hrvatska,00385 (0)22 435 740,Nacionalni Park Prirode,"Makirina turist d.o.o., Trg Domovinskog rata 1, Pirovac",Utvrda Tureta,Vrijeme Bizanta ostavilo je po mnogima najmarkantniju građevinu koju danas nalazimo na Kornatima - utvrdu Tureta na otoku Kornatu koja je izgrađena najvjerojatnije u 6. stoljeću (kasna antika/rani srednji vijek). Pretpostavlja se da je njezina vojna posada kontrolirala plovidbu kornatskim arhipelagom i čuvala krška polja Tarac i Željkovci od iznenadnih napada s mora.
2,Kornati,220,1980-08-13,http://www.np-kornati.hr,turizam@np-kornati.hr,Jadransko more,Hrvatska,00385 (0)22 435 740,Nacionalni Park Prirode,"Makirina turist d.o.o., Trg Domovinskog rata 1, Pirovac",Vidikovci,"Vidikovac Metlina na otoku Kornatu najviši je i najimpresivniji vrh Nacionalnog parka Kornati (237 m), ali je do njega najteže doći."
2,Kornati,220,1980-08-13,http://www.np-kornati.hr,turizam@np-kornati.hr,Jadransko more,Hrvatska,00385 (0)22 435 740,Nacionalni Park Prirode,"Nautika Veli Rat, Šetalište Ivana Klarina 1, Veli Rat, Dugi Otok",Krune,"Čuvene kornatske „krune“ (strmci ili litice) okrenute prema otvorenom moru, koje karakteriziraju većinu vanjskih otoka u pučinskom otočnom nizu, posebna su odlika i vrijednost ovog prostora. „Krune“ su posljedica pucanja i rasjedanja Zemljine kore uslijed podvlačenja Afričke tektonske ploče pod Euroazijsku."
2,Kornati,220,1980-08-13,http://www.np-kornati.hr,turizam@np-kornati.hr,Jadransko more,Hrvatska,00385 (0)22 435 740,Nacionalni Park Prirode,"Nautika Veli Rat, Šetalište Ivana Klarina 1, Veli Rat, Dugi Otok",Utvrda Tureta,Vrijeme Bizanta ostavilo je po mnogima najmarkantniju građevinu koju danas nalazimo na Kornatima - utvrdu Tureta na otoku Kornatu koja je izgrađena najvjerojatnije u 6. stoljeću (kasna antika/rani srednji vijek). Pretpostavlja se da je njezina vojna posada kontrolirala plovidbu kornatskim arhipelagom i čuvala krška polja Tarac i Željkovci od iznenadnih napada s mora.
2,Kornati,220,1980-08-13,http://www.np-kornati.hr,turizam@np-kornati.hr,Jadransko more,Hrvatska,00385 (0)22 435 740,Nacionalni Park Prirode,"Nautika Veli Rat, Šetalište Ivana Klarina 1, Veli Rat, Dugi Otok",Vidikovci,"Vidikovac Metlina na otoku Kornatu najviši je i najimpresivniji vrh Nacionalnog parka Kornati (237 m), ali je do njega najteže doći."
2,Kornati,220,1980-08-13,http://www.np-kornati.hr,turizam@np-kornati.hr,Jadransko more,Hrvatska,00385 (0)22 435 740,Nacionalni Park Prirode,"Nautički centa Trogir, Marina Baotić, Don Petra Špike 2A, Seget Donji",Krune,"Čuvene kornatske „krune“ (strmci ili litice) okrenute prema otvorenom moru, koje karakteriziraju većinu vanjskih otoka u pučinskom otočnom nizu, posebna su odlika i vrijednost ovog prostora. „Krune“ su posljedica pucanja i rasjedanja Zemljine kore uslijed podvlačenja Afričke tektonske ploče pod Euroazijsku."
2,Kornati,220,1980-08-13,http://www.np-kornati.hr,turizam@np-kornati.hr,Jadransko more,Hrvatska,00385 (0)22 435 740,Nacionalni Park Prirode,"Nautički centa Trogir, Marina Baotić, Don Petra Špike 2A, Seget Donji",Utvrda Tureta,Vrijeme Bizanta ostavilo je po mnogima najmarkantniju građevinu koju danas nalazimo na Kornatima - utvrdu Tureta na otoku Kornatu koja je izgrađena najvjerojatnije u 6. stoljeću (kasna antika/rani srednji vijek). Pretpostavlja se da je njezina vojna posada kontrolirala plovidbu kornatskim arhipelagom i čuvala krška polja Tarac i Željkovci od iznenadnih napada s mora.
2,Kornati,220,1980-08-13,http://www.np-kornati.hr,turizam@np-kornati.hr,Jadransko more,Hrvatska,00385 (0)22 435 740,Nacionalni Park Prirode,"Nautički centa Trogir, Marina Baotić, Don Petra Špike 2A, Seget Donji",Vidikovci,"Vidikovac Metlina na otoku Kornatu najviši je i najimpresivniji vrh Nacionalnog parka Kornati (237 m), ali je do njega najteže doći."
2,Kornati,220,1980-08-13,http://www.np-kornati.hr,turizam@np-kornati.hr,Jadransko more,Hrvatska,00385 (0)22 435 740,Nacionalni Park Prirode,"Prosper Yachting d.o.o., Marina Tankerkomerc Zadar, Ivana Gundulića 1/B, Zadar",Utvrda Tureta,Vrijeme Bizanta ostavilo je po mnogima najmarkantniju građevinu koju danas nalazimo na Kornatima - utvrdu Tureta na otoku Kornatu koja je izgrađena najvjerojatnije u 6. stoljeću (kasna antika/rani srednji vijek). Pretpostavlja se da je njezina vojna posada kontrolirala plovidbu kornatskim arhipelagom i čuvala krška polja Tarac i Željkovci od iznenadnih napada s mora.
2,Kornati,220,1980-08-13,http://www.np-kornati.hr,turizam@np-kornati.hr,Jadransko more,Hrvatska,00385 (0)22 435 740,Nacionalni Park Prirode,"Recepcija Aba, Butina 2, Murter",Krune,"Čuvene kornatske „krune“ (strmci ili litice) okrenute prema otvorenom moru, koje karakteriziraju većinu vanjskih otoka u pučinskom otočnom nizu, posebna su odlika i vrijednost ovog prostora. „Krune“ su posljedica pucanja i rasjedanja Zemljine kore uslijed podvlačenja Afričke tektonske ploče pod Euroazijsku."
3,Krka,109,1985-01-24,https://www.npkrka.hr/hr/,info@npk.hr,Srednja Dalmacija,Hrvatska,00385 (0)22 201 777,Nacionalni Park Prirode,Lozovac,Roški slap,"Roškim slapom naziva se prostrano slapište koje čine 22,5 metra visoki glavni slapovi i bezbroj rukavaca, kaskada i sedrenih otoka. Roški slap smješten je oko 36 km nizvodno od izvora rijeke Krke. Početak barijere čini niz malih kaskada (u narodu zvanih „ogrlice“) nakon kojih slijede brojni rukavci i otočići. Od „ogrlica“ vodi 517 drvenih stepenica prema Oziđanoj pećini."
3,Krka,109,1985-01-24,https://www.npkrka.hr/hr/,info@npk.hr,Srednja Dalmacija,Hrvatska,00385 (0)22 201 777,Nacionalni Park Prirode,Skradin,Skradinski buk,"Skradinski buk, najduži slap na rijeci Krki, jedna je od najpoznatijih prirodnih ljepota Hrvatske. Slap tvore sedrene barijere, otoci i jezera. Može ga se razgledati tijekom cijele godine zahvaljujući mreži staza i mostova koji omogućuju ugodnu i sigurnu šetnju. Na Skradinskom buku nalaze se obnovljeni mlinovi, valjavice i stupe, koje stoljećima koriste snagu vodenog toka."
3,Krka,109,1985-01-24,https://www.npkrka.hr/hr/,info@npk.hr,Srednja Dalmacija,Hrvatska,00385 (0)22 201 777,Nacionalni Park Prirode,Skradin,Roški slap,"Roškim slapom naziva se prostrano slapište koje čine 22,5 metra visoki glavni slapovi i bezbroj rukavaca, kaskada i sedrenih otoka. Roški slap smješten je oko 36 km nizvodno od izvora rijeke Krke. Početak barijere čini niz malih kaskada (u narodu zvanih „ogrlice“) nakon kojih slijede brojni rukavci i otočići. Od „ogrlica“ vodi 517 drvenih stepenica prema Oziđanoj pećini."
3,Krka,109,1985-01-24,https://www.npkrka.hr/hr/,info@npk.hr,Srednja Dalmacija,Hrvatska,00385 (0)22 201 777,Nacionalni Park Prirode,Roški slap,Skradinski buk,"Skradinski buk, najduži slap na rijeci Krki, jedna je od najpoznatijih prirodnih ljepota Hrvatske. Slap tvore sedrene barijere, otoci i jezera. Može ga se razgledati tijekom cijele godine zahvaljujući mreži staza i mostova koji omogućuju ugodnu i sigurnu šetnju. Na Skradinskom buku nalaze se obnovljeni mlinovi, valjavice i stupe, koje stoljećima koriste snagu vodenog toka."
3,Krka,109,1985-01-24,https://www.npkrka.hr/hr/,info@npk.hr,Srednja Dalmacija,Hrvatska,00385 (0)22 201 777,Nacionalni Park Prirode,Roški slap,Roški slap,"Roškim slapom naziva se prostrano slapište koje čine 22,5 metra visoki glavni slapovi i bezbroj rukavaca, kaskada i sedrenih otoka. Roški slap smješten je oko 36 km nizvodno od izvora rijeke Krke. Početak barijere čini niz malih kaskada (u narodu zvanih „ogrlice“) nakon kojih slijede brojni rukavci i otočići. Od „ogrlica“ vodi 517 drvenih stepenica prema Oziđanoj pećini."
3,Krka,109,1985-01-24,https://www.npkrka.hr/hr/,info@npk.hr,Srednja Dalmacija,Hrvatska,00385 (0)22 201 777,Nacionalni Park Prirode,Kistanje,Skradinski buk,"Skradinski buk, najduži slap na rijeci Krki, jedna je od najpoznatijih prirodnih ljepota Hrvatske. Slap tvore sedrene barijere, otoci i jezera. Može ga se razgledati tijekom cijele godine zahvaljujući mreži staza i mostova koji omogućuju ugodnu i sigurnu šetnju. Na Skradinskom buku nalaze se obnovljeni mlinovi, valjavice i stupe, koje stoljećima koriste snagu vodenog toka."
3,Krka,109,1985-01-24,https://www.npkrka.hr/hr/,info@npk.hr,Srednja Dalmacija,Hrvatska,00385 (0)22 201 777,Nacionalni Park Prirode,Kistanje,Roški slap,"Roškim slapom naziva se prostrano slapište koje čine 22,5 metra visoki glavni slapovi i bezbroj rukavaca, kaskada i sedrenih otoka. Roški slap smješten je oko 36 km nizvodno od izvora rijeke Krke. Početak barijere čini niz malih kaskada (u narodu zvanih „ogrlice“) nakon kojih slijede brojni rukavci i otočići. Od „ogrlica“ vodi 517 drvenih stepenica prema Oziđanoj pećini."
3,Krka,109,1985-01-24,https://www.npkrka.hr/hr/,info@npk.hr,Srednja Dalmacija,Hrvatska,00385 (0)22 201 777,Nacionalni Park Prirode,Burnum,Skradinski buk,"Skradinski buk, najduži slap na rijeci Krki, jedna je od najpoznatijih prirodnih ljepota Hrvatske. Slap tvore sedrene barijere, otoci i jezera. Može ga se razgledati tijekom cijele godine zahvaljujući mreži staza i mostova koji omogućuju ugodnu i sigurnu šetnju. Na Skradinskom buku nalaze se obnovljeni mlinovi, valjavice i stupe, koje stoljećima koriste snagu vodenog toka."
3,Krka,109,1985-01-24,https://www.npkrka.hr/hr/,info@npk.hr,Srednja Dalmacija,Hrvatska,00385 (0)22 201 777,Nacionalni Park Prirode,Burnum,Roški slap,"Roškim slapom naziva se prostrano slapište koje čine 22,5 metra visoki glavni slapovi i bezbroj rukavaca, kaskada i sedrenih otoka. Roški slap smješten je oko 36 km nizvodno od izvora rijeke Krke. Početak barijere čini niz malih kaskada (u narodu zvanih „ogrlice“) nakon kojih slijede brojni rukavci i otočići. Od „ogrlica“ vodi 517 drvenih stepenica prema Oziđanoj pećini."
3,Krka,109,1985-01-24,https://www.npkrka.hr/hr/,info@npk.hr,Srednja Dalmacija,Hrvatska,00385 (0)22 201 777,Nacionalni Park Prirode,Lozovac,Skradinski buk,"Skradinski buk, najduži slap na rijeci Krki, jedna je od najpoznatijih prirodnih ljepota Hrvatske. Slap tvore sedrene barijere, otoci i jezera. Može ga se razgledati tijekom cijele godine zahvaljujući mreži staza i mostova koji omogućuju ugodnu i sigurnu šetnju. Na Skradinskom buku nalaze se obnovljeni mlinovi, valjavice i stupe, koje stoljećima koriste snagu vodenog toka."
4,Mljet,53.75,1960-11-11,https://www.np-mljet.hr,np-mljet@np-mljet.hr,Otok Mljet,Hrvatska,00385 (0)20 744 041,Nacionalni Park Prirode,Pomena,Odisejeva špilja,"Na središnjem južnom dijelu mljetske obale nalazi se geomorfološki fenomen Jama (Odisejeva špilja) - krška šupljina čiji se strop odlomio pa uistinu izgleda kao jama ili široki bunar. U njezinom je dnu more jer je Jama prirodnim tunelom povezana s pučinom. Uz rub tunela privezano je nekoliko ribarskih čamaca čiji su vlasnici stanovnici obližnja Babina Polja, najvećeg naselja na Mljetu."
4,Mljet,53.75,1960-11-11,https://www.np-mljet.hr,np-mljet@np-mljet.hr,Otok Mljet,Hrvatska,00385 (0)20 744 041,Nacionalni Park Prirode,Polače,Odisejeva špilja,"Na središnjem južnom dijelu mljetske obale nalazi se geomorfološki fenomen Jama (Odisejeva špilja) - krška šupljina čiji se strop odlomio pa uistinu izgleda kao jama ili široki bunar. U njezinom je dnu more jer je Jama prirodnim tunelom povezana s pučinom. Uz rub tunela privezano je nekoliko ribarskih čamaca čiji su vlasnici stanovnici obližnja Babina Polja, najvećeg naselja na Mljetu."
4,Mljet,53.75,1960-11-11,https://www.np-mljet.hr,np-mljet@np-mljet.hr,Otok Mljet,Hrvatska,00385 (0)20 744 041,Nacionalni Park Prirode,Vrbovica,Odisejeva špilja,"Na središnjem južnom dijelu mljetske obale nalazi se geomorfološki fenomen Jama (Odisejeva špilja) - krška šupljina čiji se strop odlomio pa uistinu izgleda kao jama ili široki bunar. U njezinom je dnu more jer je Jama prirodnim tunelom povezana s pučinom. Uz rub tunela privezano je nekoliko ribarskih čamaca čiji su vlasnici stanovnici obližnja Babina Polja, najvećeg naselja na Mljetu."
4,Mljet,53.75,1960-11-11,https://www.np-mljet.hr,np-mljet@np-mljet.hr,Otok Mljet,Hrvatska,00385 (0)20 744 041,Nacionalni Park Prirode,Infopunkt,Odisejeva špilja,"Na središnjem južnom dijelu mljetske obale nalazi se geomorfološki fenomen Jama (Odisejeva špilja) - krška šupljina čiji se strop odlomio pa uistinu izgleda kao jama ili široki bunar. U njezinom je dnu more jer je Jama prirodnim tunelom povezana s pučinom. Uz rub tunela privezano je nekoliko ribarskih čamaca čiji su vlasnici stanovnici obližnja Babina Polja, najvećeg naselja na Mljetu."
4,Mljet,53.75,1960-11-11,https://www.np-mljet.hr,np-mljet@np-mljet.hr,Otok Mljet,Hrvatska,00385 (0)20 744 041,Nacionalni Park Prirode,Mali most,Odisejeva špilja,"Na središnjem južnom dijelu mljetske obale nalazi se geomorfološki fenomen Jama (Odisejeva špilja) - krška šupljina čiji se strop odlomio pa uistinu izgleda kao jama ili široki bunar. U njezinom je dnu more jer je Jama prirodnim tunelom povezana s pučinom. Uz rub tunela privezano je nekoliko ribarskih čamaca čiji su vlasnici stanovnici obližnja Babina Polja, najvećeg naselja na Mljetu."
5,Paklenica,95,1949-10-19,https://np-paklenica.hr/hr/,np-paklenica@paklenica.hr,Velebit,Hrvatska,00385 (0)23 369 155,Nacionalni Park Prirode,Ulaz 1 Velika Paklenica,Špilja Manita peć,"Manita peć jedina je špilja na prostoru parka koja je otvorena i uređena za posjet. Svojom prostranošću i ljepotom ukrasa oduševljava posjetitelje još od 1937. godine, kada je nakon uređenja staze započelo njeno posjećivanje. Ulaz u špilju nalazi se na 570 m nadmorske visine, a uspon od parkirališta u Velikoj Paklenici do nje traje oko sat i pol."
5,Paklenica,95,1949-10-19,https://np-paklenica.hr/hr/,np-paklenica@paklenica.hr,Velebit,Hrvatska,00385 (0)23 369 202,Nacionalni Park Prirode,Ulaz 1 Velika Paklenica,Špilja Manita peć,"Manita peć jedina je špilja na prostoru parka koja je otvorena i uređena za posjet. Svojom prostranošću i ljepotom ukrasa oduševljava posjetitelje još od 1937. godine, kada je nakon uređenja staze započelo njeno posjećivanje. Ulaz u špilju nalazi se na 570 m nadmorske visine, a uspon od parkirališta u Velikoj Paklenici do nje traje oko sat i pol."
5,Paklenica,95,1949-10-19,https://np-paklenica.hr/hr/,np-paklenica@paklenica.hr,Velebit,Hrvatska,00385 (0)23 369 803,Nacionalni Park Prirode,Ulaz 1 Velika Paklenica,Špilja Manita peć,"Manita peć jedina je špilja na prostoru parka koja je otvorena i uređena za posjet. Svojom prostranošću i ljepotom ukrasa oduševljava posjetitelje još od 1937. godine, kada je nakon uređenja staze započelo njeno posjećivanje. Ulaz u špilju nalazi se na 570 m nadmorske visine, a uspon od parkirališta u Velikoj Paklenici do nje traje oko sat i pol."
5,Paklenica,95,1949-10-19,https://np-paklenica.hr/hr/,np-paklenica@paklenica.hr,Velebit,Hrvatska,00385 (0)23 369 155,Nacionalni Park Prirode,Ulaz 1 Velika Paklenica,Kanjon Velike Paklenice,"Dolina Velike Paklenice duga je 14,5 km. Zbog vodonepropusne litološke podloge od izvora Velike Paklenice, pa do njenog sutoka s Brezimenjačom, voda je u koritu Velike Paklenice prisutna tijekom cijele godine."
5,Paklenica,95,1949-10-19,https://np-paklenica.hr/hr/,np-paklenica@paklenica.hr,Velebit,Hrvatska,00385 (0)23 369 202,Nacionalni Park Prirode,Ulaz 1 Velika Paklenica,Kanjon Velike Paklenice,"Dolina Velike Paklenice duga je 14,5 km. Zbog vodonepropusne litološke podloge od izvora Velike Paklenice, pa do njenog sutoka s Brezimenjačom, voda je u koritu Velike Paklenice prisutna tijekom cijele godine."
5,Paklenica,95,1949-10-19,https://np-paklenica.hr/hr/,np-paklenica@paklenica.hr,Velebit,Hrvatska,00385 (0)23 369 803,Nacionalni Park Prirode,Ulaz 1 Velika Paklenica,Kanjon Velike Paklenice,"Dolina Velike Paklenice duga je 14,5 km. Zbog vodonepropusne litološke podloge od izvora Velike Paklenice, pa do njenog sutoka s Brezimenjačom, voda je u koritu Velike Paklenice prisutna tijekom cijele godine."
5,Paklenica,95,1949-10-19,https://np-paklenica.hr/hr/,np-paklenica@paklenica.hr,Velebit,Hrvatska,00385 (0)23 369 155,Nacionalni Park Prirode,Ulaz 2 Mala Paklenica,Špilja Manita peć,"Manita peć jedina je špilja na prostoru parka koja je otvorena i uređena za posjet. Svojom prostranošću i ljepotom ukrasa oduševljava posjetitelje još od 1937. godine, kada je nakon uređenja staze započelo njeno posjećivanje. Ulaz u špilju nalazi se na 570 m nadmorske visine, a uspon od parkirališta u Velikoj Paklenici do nje traje oko sat i pol."
5,Paklenica,95,1949-10-19,https://np-paklenica.hr/hr/,np-paklenica@paklenica.hr,Velebit,Hrvatska,00385 (0)23 369 202,Nacionalni Park Prirode,Ulaz 2 Mala Paklenica,Špilja Manita peć,"Manita peć jedina je špilja na prostoru parka koja je otvorena i uređena za posjet. Svojom prostranošću i ljepotom ukrasa oduševljava posjetitelje još od 1937. godine, kada je nakon uređenja staze započelo njeno posjećivanje. Ulaz u špilju nalazi se na 570 m nadmorske visine, a uspon od parkirališta u Velikoj Paklenici do nje traje oko sat i pol."
5,Paklenica,95,1949-10-19,https://np-paklenica.hr/hr/,np-paklenica@paklenica.hr,Velebit,Hrvatska,00385 (0)23 369 803,Nacionalni Park Prirode,Ulaz 2 Mala Paklenica,Špilja Manita peć,"Manita peć jedina je špilja na prostoru parka koja je otvorena i uređena za posjet. Svojom prostranošću i ljepotom ukrasa oduševljava posjetitelje još od 1937. godine, kada je nakon uređenja staze započelo njeno posjećivanje. Ulaz u špilju nalazi se na 570 m nadmorske visine, a uspon od parkirališta u Velikoj Paklenici do nje traje oko sat i pol."
5,Paklenica,95,1949-10-19,https://np-paklenica.hr/hr/,np-paklenica@paklenica.hr,Velebit,Hrvatska,00385 (0)23 369 155,Nacionalni Park Prirode,Ulaz 2 Mala Paklenica,Kanjon Velike Paklenice,"Dolina Velike Paklenice duga je 14,5 km. Zbog vodonepropusne litološke podloge od izvora Velike Paklenice, pa do njenog sutoka s Brezimenjačom, voda je u koritu Velike Paklenice prisutna tijekom cijele godine."
5,Paklenica,95,1949-10-19,https://np-paklenica.hr/hr/,np-paklenica@paklenica.hr,Velebit,Hrvatska,00385 (0)23 369 202,Nacionalni Park Prirode,Ulaz 2 Mala Paklenica,Kanjon Velike Paklenice,"Dolina Velike Paklenice duga je 14,5 km. Zbog vodonepropusne litološke podloge od izvora Velike Paklenice, pa do njenog sutoka s Brezimenjačom, voda je u koritu Velike Paklenice prisutna tijekom cijele godine."
5,Paklenica,95,1949-10-19,https://np-paklenica.hr/hr/,np-paklenica@paklenica.hr,Velebit,Hrvatska,00385 (0)23 369 803,Nacionalni Park Prirode,Ulaz 2 Mala Paklenica,Kanjon Velike Paklenice,"Dolina Velike Paklenice duga je 14,5 km. Zbog vodonepropusne litološke podloge od izvora Velike Paklenice, pa do njenog sutoka s Brezimenjačom, voda je u koritu Velike Paklenice prisutna tijekom cijele godine."
6,Plitvička jezera,296.8515,1949-04-08,https://np-plitvicka-jezera.hr/,,Ličko-senjska i Karlovačka županija,Hrvatska,00385 (0)53 751 026,Nacionalni Park Prirode,Ulaz 1,Špilja Šupljara,"Procjeđivanjem vode kroz raspucalu površinu otapala se vapnenačka stijena. Pritom su se proširivale podzemne pukotine i stvarali kanali. Urezivanje kanjona Donjih jezera i povećanje podzemnih šupljina ispod jedne vrtače smještene na rubnom dijelu kanjona dovelo je do nestabilnosti i urušavanja dna vrtače, odnosno svoda spilje."
6,Plitvička jezera,296.8515,1949-04-08,https://np-plitvicka-jezera.hr/,,Ličko-senjska i Karlovačka županija,Hrvatska,00385 (0)53 751 014,Nacionalni Park Prirode,Ulaz 1,Špilja Šupljara,"Procjeđivanjem vode kroz raspucalu površinu otapala se vapnenačka stijena. Pritom su se proširivale podzemne pukotine i stvarali kanali. Urezivanje kanjona Donjih jezera i povećanje podzemnih šupljina ispod jedne vrtače smještene na rubnom dijelu kanjona dovelo je do nestabilnosti i urušavanja dna vrtače, odnosno svoda spilje."
6,Plitvička jezera,296.8515,1949-04-08,https://np-plitvicka-jezera.hr/,,Ličko-senjska i Karlovačka županija,Hrvatska,00385 (0)53 751 015,Nacionalni Park Prirode,Ulaz 1,Špilja Šupljara,"Procjeđivanjem vode kroz raspucalu površinu otapala se vapnenačka stijena. Pritom su se proširivale podzemne pukotine i stvarali kanali. Urezivanje kanjona Donjih jezera i povećanje podzemnih šupljina ispod jedne vrtače smještene na rubnom dijelu kanjona dovelo je do nestabilnosti i urušavanja dna vrtače, odnosno svoda spilje."
6,Plitvička jezera,296.8515,1949-04-08,https://np-plitvicka-jezera.hr/,,Ličko-senjska i Karlovačka županija,Hrvatska,00385 (0)53 751 026,Nacionalni Park Prirode,Ulaz 2,Špilja Šupljara,"Procjeđivanjem vode kroz raspucalu površinu otapala se vapnenačka stijena. Pritom su se proširivale podzemne pukotine i stvarali kanali. Urezivanje kanjona Donjih jezera i povećanje podzemnih šupljina ispod jedne vrtače smještene na rubnom dijelu kanjona dovelo je do nestabilnosti i urušavanja dna vrtače, odnosno svoda spilje."
6,Plitvička jezera,296.8515,1949-04-08,https://np-plitvicka-jezera.hr/,,Ličko-senjska i Karlovačka županija,Hrvatska,00385 (0)53 751 014,Nacionalni Park Prirode,Ulaz 2,Špilja Šupljara,"Procjeđivanjem vode kroz raspucalu površinu otapala se vapnenačka stijena. Pritom su se proširivale podzemne pukotine i stvarali kanali. Urezivanje kanjona Donjih jezera i povećanje podzemnih šupljina ispod jedne vrtače smještene na rubnom dijelu kanjona dovelo je do nestabilnosti i urušavanja dna vrtače, odnosno svoda spilje."
6,Plitvička jezera,296.8515,1949-04-08,https://np-plitvicka-jezera.hr/,,Ličko-senjska i Karlovačka županija,Hrvatska,00385 (0)53 751 015,Nacionalni Park Prirode,Ulaz 2,Špilja Šupljara,"Procjeđivanjem vode kroz raspucalu površinu otapala se vapnenačka stijena. Pritom su se proširivale podzemne pukotine i stvarali kanali. Urezivanje kanjona Donjih jezera i povećanje podzemnih šupljina ispod jedne vrtače smještene na rubnom dijelu kanjona dovelo je do nestabilnosti i urušavanja dna vrtače, odnosno svoda spilje."
6,Plitvička jezera,296.8515,1949-04-08,https://np-plitvicka-jezera.hr/,,Ličko-senjska i Karlovačka županija,Hrvatska,00385 (0)53 751 026,Nacionalni Park Prirode,Flora,Špilja Šupljara,"Procjeđivanjem vode kroz raspucalu površinu otapala se vapnenačka stijena. Pritom su se proširivale podzemne pukotine i stvarali kanali. Urezivanje kanjona Donjih jezera i povećanje podzemnih šupljina ispod jedne vrtače smještene na rubnom dijelu kanjona dovelo je do nestabilnosti i urušavanja dna vrtače, odnosno svoda spilje."
6,Plitvička jezera,296.8515,1949-04-08,https://np-plitvicka-jezera.hr/,,Ličko-senjska i Karlovačka županija,Hrvatska,00385 (0)53 751 014,Nacionalni Park Prirode,Flora,Špilja Šupljara,"Procjeđivanjem vode kroz raspucalu površinu otapala se vapnenačka stijena. Pritom su se proširivale podzemne pukotine i stvarali kanali. Urezivanje kanjona Donjih jezera i povećanje podzemnih šupljina ispod jedne vrtače smještene na rubnom dijelu kanjona dovelo je do nestabilnosti i urušavanja dna vrtače, odnosno svoda spilje."
6,Plitvička jezera,296.8515,1949-04-08,https://np-plitvicka-jezera.hr/,,Ličko-senjska i Karlovačka županija,Hrvatska,00385 (0)53 751 015,Nacionalni Park Prirode,Flora,Špilja Šupljara,"Procjeđivanjem vode kroz raspucalu površinu otapala se vapnenačka stijena. Pritom su se proširivale podzemne pukotine i stvarali kanali. Urezivanje kanjona Donjih jezera i povećanje podzemnih šupljina ispod jedne vrtače smještene na rubnom dijelu kanjona dovelo je do nestabilnosti i urušavanja dna vrtače, odnosno svoda spilje."
7,Risnjak,63.5,1953-09-15,https://www.risnjak.hr/,marketing@np-risnjak.hr,Gorski kotar,Hrvatska,00385 (0)51 836 133,Nacionalni Park Prirode,Razloge - infopunkt,Izvor Kupe,"Područje je proglašeno zaštićenim 12. prosinca 1963. godine na površini od 10 ha. Izvor rijeke Kupe, jedna od mnogih još uvijek neriješenih zagonetki krša, jedno od najjačih, najvećih i najdubljih hrvatskih vrela. Na nadmorskoj visini od 321 m, vodena je masa oblikovala jezero zelenoplave boje koje će vas očarati svojim izgledom. Do samoga dna izvora još se nije došlo, a zadnji uron bio je do 154 m."
7,Risnjak,63.5,1953-09-15,https://www.risnjak.hr/,marketing@np-risnjak.hr,Gorski kotar,Hrvatska,00385 (0)51 836 261,Nacionalni Park Prirode,Razloge - infopunkt,Izvor Kupe,"Područje je proglašeno zaštićenim 12. prosinca 1963. godine na površini od 10 ha. Izvor rijeke Kupe, jedna od mnogih još uvijek neriješenih zagonetki krša, jedno od najjačih, najvećih i najdubljih hrvatskih vrela. Na nadmorskoj visini od 321 m, vodena je masa oblikovala jezero zelenoplave boje koje će vas očarati svojim izgledom. Do samoga dna izvora još se nije došlo, a zadnji uron bio je do 154 m."
7,Risnjak,63.5,1953-09-15,https://www.risnjak.hr/,marketing@np-risnjak.hr,Gorski kotar,Hrvatska,00385 (0)51 836 133,Nacionalni Park Prirode,Bijela Vodica - infopunkt,Izvor Kupe,"Područje je proglašeno zaštićenim 12. prosinca 1963. godine na površini od 10 ha. Izvor rijeke Kupe, jedna od mnogih još uvijek neriješenih zagonetki krša, jedno od najjačih, najvećih i najdubljih hrvatskih vrela. Na nadmorskoj visini od 321 m, vodena je masa oblikovala jezero zelenoplave boje koje će vas očarati svojim izgledom. Do samoga dna izvora još se nije došlo, a zadnji uron bio je do 154 m."
7,Risnjak,63.5,1953-09-15,https://www.risnjak.hr/,marketing@np-risnjak.hr,Gorski kotar,Hrvatska,00385 (0)51 836 261,Nacionalni Park Prirode,Bijela Vodica - infopunkt,Izvor Kupe,"Područje je proglašeno zaštićenim 12. prosinca 1963. godine na površini od 10 ha. Izvor rijeke Kupe, jedna od mnogih još uvijek neriješenih zagonetki krša, jedno od najjačih, najvećih i najdubljih hrvatskih vrela. Na nadmorskoj visini od 321 m, vodena je masa oblikovala jezero zelenoplave boje koje će vas očarati svojim izgledom. Do samoga dna izvora još se nije došlo, a zadnji uron bio je do 154 m."
7,Risnjak,63.5,1953-09-15,https://www.risnjak.hr/,marketing@np-risnjak.hr,Gorski kotar,Hrvatska,00385 (0)51 836 133,Nacionalni Park Prirode,Bijela Vodica - infopunkt,Rodna kuća rijeke Kupe,"Rodna kuća rijeke Kupe centar je za prihvat, educiranje i informiranje posjetitelja koji svojim imenom jasno kazuje kako je smješten u neposrednoj blizini izvora Kupe, koja tako postaje jedina hrvatska rijeka s „rodnom kućom“, a u svom prostoru interpretira bogatu bioraznolikost ove tekućice."
7,Risnjak,63.5,1953-09-15,https://www.risnjak.hr/,marketing@np-risnjak.hr,Gorski kotar,Hrvatska,00385 (0)51 836 261,Nacionalni Park Prirode,Bijela Vodica - infopunkt,Rodna kuća rijeke Kupe,"Rodna kuća rijeke Kupe centar je za prihvat, educiranje i informiranje posjetitelja koji svojim imenom jasno kazuje kako je smješten u neposrednoj blizini izvora Kupe, koja tako postaje jedina hrvatska rijeka s „rodnom kućom“, a u svom prostoru interpretira bogatu bioraznolikost ove tekućice."
7,Risnjak,63.5,1953-09-15,https://www.risnjak.hr/,marketing@np-risnjak.hr,Gorski kotar,Hrvatska,00385 (0)51 836 133,Nacionalni Park Prirode,Bijela Vodica - infopunkt,Poučna staza Leska,"Godine 1993. u NP Risnjak otvorena je prva poučna staza unutar hrvatskih nacionalnih parkova - Leska. Staza je kružnog oblika, dužine 4200 metara i smještena je na nadmorskoj visini od 700 metara. Duž staze postavljene su ploče koje na hrvatskom i engleskom jeziku poučavaju posjetitelje o najznačajnijim objektima i pojavama karakterističnima kako za Risnjak, tako i za cijeli Gorski kotar."
7,Risnjak,63.5,1953-09-15,https://www.risnjak.hr/,marketing@np-risnjak.hr,Gorski kotar,Hrvatska,00385 (0)51 836 261,Nacionalni Park Prirode,Bijela Vodica - infopunkt,Poučna staza Leska,"Godine 1993. u NP Risnjak otvorena je prva poučna staza unutar hrvatskih nacionalnih parkova - Leska. Staza je kružnog oblika, dužine 4200 metara i smještena je na nadmorskoj visini od 700 metara. Duž staze postavljene su ploče koje na hrvatskom i engleskom jeziku poučavaju posjetitelje o najznačajnijim objektima i pojavama karakterističnima kako za Risnjak, tako i za cijeli Gorski kotar."
7,Risnjak,63.5,1953-09-15,https://www.risnjak.hr/,marketing@np-risnjak.hr,Gorski kotar,Hrvatska,00385 (0)51 836 133,Nacionalni Park Prirode,Bijela Vodica - restoran,Izvor Kupe,"Područje je proglašeno zaštićenim 12. prosinca 1963. godine na površini od 10 ha. Izvor rijeke Kupe, jedna od mnogih još uvijek neriješenih zagonetki krša, jedno od najjačih, najvećih i najdubljih hrvatskih vrela. Na nadmorskoj visini od 321 m, vodena je masa oblikovala jezero zelenoplave boje koje će vas očarati svojim izgledom. Do samoga dna izvora još se nije došlo, a zadnji uron bio je do 154 m."
7,Risnjak,63.5,1953-09-15,https://www.risnjak.hr/,marketing@np-risnjak.hr,Gorski kotar,Hrvatska,00385 (0)51 836 261,Nacionalni Park Prirode,Bijela Vodica - restoran,Izvor Kupe,"Područje je proglašeno zaštićenim 12. prosinca 1963. godine na površini od 10 ha. Izvor rijeke Kupe, jedna od mnogih još uvijek neriješenih zagonetki krša, jedno od najjačih, najvećih i najdubljih hrvatskih vrela. Na nadmorskoj visini od 321 m, vodena je masa oblikovala jezero zelenoplave boje koje će vas očarati svojim izgledom. Do samoga dna izvora još se nije došlo, a zadnji uron bio je do 154 m."
7,Risnjak,63.5,1953-09-15,https://www.risnjak.hr/,marketing@np-risnjak.hr,Gorski kotar,Hrvatska,00385 (0)51 836 133,Nacionalni Park Prirode,Bijela Vodica - restoran,Rodna kuća rijeke Kupe,"Rodna kuća rijeke Kupe centar je za prihvat, educiranje i informiranje posjetitelja koji svojim imenom jasno kazuje kako je smješten u neposrednoj blizini izvora Kupe, koja tako postaje jedina hrvatska rijeka s „rodnom kućom“, a u svom prostoru interpretira bogatu bioraznolikost ove tekućice."
7,Risnjak,63.5,1953-09-15,https://www.risnjak.hr/,marketing@np-risnjak.hr,Gorski kotar,Hrvatska,00385 (0)51 836 261,Nacionalni Park Prirode,Bijela Vodica - restoran,Rodna kuća rijeke Kupe,"Rodna kuća rijeke Kupe centar je za prihvat, educiranje i informiranje posjetitelja koji svojim imenom jasno kazuje kako je smješten u neposrednoj blizini izvora Kupe, koja tako postaje jedina hrvatska rijeka s „rodnom kućom“, a u svom prostoru interpretira bogatu bioraznolikost ove tekućice."
7,Risnjak,63.5,1953-09-15,https://www.risnjak.hr/,marketing@np-risnjak.hr,Gorski kotar,Hrvatska,00385 (0)51 836 133,Nacionalni Park Prirode,Bijela Vodica - restoran,Poučna staza Leska,"Godine 1993. u NP Risnjak otvorena je prva poučna staza unutar hrvatskih nacionalnih parkova - Leska. Staza je kružnog oblika, dužine 4200 metara i smještena je na nadmorskoj visini od 700 metara. Duž staze postavljene su ploče koje na hrvatskom i engleskom jeziku poučavaju posjetitelje o najznačajnijim objektima i pojavama karakterističnima kako za Risnjak, tako i za cijeli Gorski kotar."
7,Risnjak,63.5,1953-09-15,https://www.risnjak.hr/,marketing@np-risnjak.hr,Gorski kotar,Hrvatska,00385 (0)51 836 261,Nacionalni Park Prirode,Bijela Vodica - restoran,Poučna staza Leska,"Godine 1993. u NP Risnjak otvorena je prva poučna staza unutar hrvatskih nacionalnih parkova - Leska. Staza je kružnog oblika, dužine 4200 metara i smještena je na nadmorskoj visini od 700 metara. Duž staze postavljene su ploče koje na hrvatskom i engleskom jeziku poučavaju posjetitelje o najznačajnijim objektima i pojavama karakterističnima kako za Risnjak, tako i za cijeli Gorski kotar."
7,Risnjak,63.5,1953-09-15,https://www.risnjak.hr/,marketing@np-risnjak.hr,Gorski kotar,Hrvatska,00385 (0)51 836 133,Nacionalni Park Prirode,Kupari - infopunkt,Izvor Kupe,"Područje je proglašeno zaštićenim 12. prosinca 1963. godine na površini od 10 ha. Izvor rijeke Kupe, jedna od mnogih još uvijek neriješenih zagonetki krša, jedno od najjačih, najvećih i najdubljih hrvatskih vrela. Na nadmorskoj visini od 321 m, vodena je masa oblikovala jezero zelenoplave boje koje će vas očarati svojim izgledom. Do samoga dna izvora još se nije došlo, a zadnji uron bio je do 154 m."
7,Risnjak,63.5,1953-09-15,https://www.risnjak.hr/,marketing@np-risnjak.hr,Gorski kotar,Hrvatska,00385 (0)51 836 261,Nacionalni Park Prirode,Kupari - infopunkt,Izvor Kupe,"Područje je proglašeno zaštićenim 12. prosinca 1963. godine na površini od 10 ha. Izvor rijeke Kupe, jedna od mnogih još uvijek neriješenih zagonetki krša, jedno od najjačih, najvećih i najdubljih hrvatskih vrela. Na nadmorskoj visini od 321 m, vodena je masa oblikovala jezero zelenoplave boje koje će vas očarati svojim izgledom. Do samoga dna izvora još se nije došlo, a zadnji uron bio je do 154 m."
7,Risnjak,63.5,1953-09-15,https://www.risnjak.hr/,marketing@np-risnjak.hr,Gorski kotar,Hrvatska,00385 (0)51 836 133,Nacionalni Park Prirode,Kupari - infopunkt,Rodna kuća rijeke Kupe,"Rodna kuća rijeke Kupe centar je za prihvat, educiranje i informiranje posjetitelja koji svojim imenom jasno kazuje kako je smješten u neposrednoj blizini izvora Kupe, koja tako postaje jedina hrvatska rijeka s „rodnom kućom“, a u svom prostoru interpretira bogatu bioraznolikost ove tekućice."
7,Risnjak,63.5,1953-09-15,https://www.risnjak.hr/,marketing@np-risnjak.hr,Gorski kotar,Hrvatska,00385 (0)51 836 261,Nacionalni Park Prirode,Kupari - infopunkt,Rodna kuća rijeke Kupe,"Rodna kuća rijeke Kupe centar je za prihvat, educiranje i informiranje posjetitelja koji svojim imenom jasno kazuje kako je smješten u neposrednoj blizini izvora Kupe, koja tako postaje jedina hrvatska rijeka s „rodnom kućom“, a u svom prostoru interpretira bogatu bioraznolikost ove tekućice."
7,Risnjak,63.5,1953-09-15,https://www.risnjak.hr/,marketing@np-risnjak.hr,Gorski kotar,Hrvatska,00385 (0)51 836 133,Nacionalni Park Prirode,Kupari - infopunkt,Poučna staza Leska,"Godine 1993. u NP Risnjak otvorena je prva poučna staza unutar hrvatskih nacionalnih parkova - Leska. Staza je kružnog oblika, dužine 4200 metara i smještena je na nadmorskoj visini od 700 metara. Duž staze postavljene su ploče koje na hrvatskom i engleskom jeziku poučavaju posjetitelje o najznačajnijim objektima i pojavama karakterističnima kako za Risnjak, tako i za cijeli Gorski kotar."
7,Risnjak,63.5,1953-09-15,https://www.risnjak.hr/,marketing@np-risnjak.hr,Gorski kotar,Hrvatska,00385 (0)51 836 261,Nacionalni Park Prirode,Kupari - infopunkt,Poučna staza Leska,"Godine 1993. u NP Risnjak otvorena je prva poučna staza unutar hrvatskih nacionalnih parkova - Leska. Staza je kružnog oblika, dužine 4200 metara i smještena je na nadmorskoj visini od 700 metara. Duž staze postavljene su ploče koje na hrvatskom i engleskom jeziku poučavaju posjetitelje o najznačajnijim objektima i pojavama karakterističnima kako za Risnjak, tako i za cijeli Gorski kotar."
7,Risnjak,63.5,1953-09-15,https://www.risnjak.hr/,marketing@np-risnjak.hr,Gorski kotar,Hrvatska,00385 (0)51 836 133,Nacionalni Park Prirode,Razloge - infopunkt,Rodna kuća rijeke Kupe,"Rodna kuća rijeke Kupe centar je za prihvat, educiranje i informiranje posjetitelja koji svojim imenom jasno kazuje kako je smješten u neposrednoj blizini izvora Kupe, koja tako postaje jedina hrvatska rijeka s „rodnom kućom“, a u svom prostoru interpretira bogatu bioraznolikost ove tekućice."
7,Risnjak,63.5,1953-09-15,https://www.risnjak.hr/,marketing@np-risnjak.hr,Gorski kotar,Hrvatska,00385 (0)51 836 261,Nacionalni Park Prirode,Razloge - infopunkt,Rodna kuća rijeke Kupe,"Rodna kuća rijeke Kupe centar je za prihvat, educiranje i informiranje posjetitelja koji svojim imenom jasno kazuje kako je smješten u neposrednoj blizini izvora Kupe, koja tako postaje jedina hrvatska rijeka s „rodnom kućom“, a u svom prostoru interpretira bogatu bioraznolikost ove tekućice."
7,Risnjak,63.5,1953-09-15,https://www.risnjak.hr/,marketing@np-risnjak.hr,Gorski kotar,Hrvatska,00385 (0)51 836 133,Nacionalni Park Prirode,Razloge - infopunkt,Poučna staza Leska,"Godine 1993. u NP Risnjak otvorena je prva poučna staza unutar hrvatskih nacionalnih parkova - Leska. Staza je kružnog oblika, dužine 4200 metara i smještena je na nadmorskoj visini od 700 metara. Duž staze postavljene su ploče koje na hrvatskom i engleskom jeziku poučavaju posjetitelje o najznačajnijim objektima i pojavama karakterističnima kako za Risnjak, tako i za cijeli Gorski kotar."
7,Risnjak,63.5,1953-09-15,https://www.risnjak.hr/,marketing@np-risnjak.hr,Gorski kotar,Hrvatska,00385 (0)51 836 261,Nacionalni Park Prirode,Razloge - infopunkt,Poučna staza Leska,"Godine 1993. u NP Risnjak otvorena je prva poučna staza unutar hrvatskih nacionalnih parkova - Leska. Staza je kružnog oblika, dužine 4200 metara i smještena je na nadmorskoj visini od 700 metara. Duž staze postavljene su ploče koje na hrvatskom i engleskom jeziku poučavaju posjetitelje o najznačajnijim objektima i pojavama karakterističnima kako za Risnjak, tako i za cijeli Gorski kotar."
7,Risnjak,63.5,1953-09-15,https://www.risnjak.hr/,marketing@np-risnjak.hr,Gorski kotar,Hrvatska,00385 (0)51 836 133,Nacionalni Park Prirode,Risnjak - planinarski dom,Izvor Kupe,"Područje je proglašeno zaštićenim 12. prosinca 1963. godine na površini od 10 ha. Izvor rijeke Kupe, jedna od mnogih još uvijek neriješenih zagonetki krša, jedno od najjačih, najvećih i najdubljih hrvatskih vrela. Na nadmorskoj visini od 321 m, vodena je masa oblikovala jezero zelenoplave boje koje će vas očarati svojim izgledom. Do samoga dna izvora još se nije došlo, a zadnji uron bio je do 154 m."
7,Risnjak,63.5,1953-09-15,https://www.risnjak.hr/,marketing@np-risnjak.hr,Gorski kotar,Hrvatska,00385 (0)51 836 261,Nacionalni Park Prirode,Risnjak - planinarski dom,Izvor Kupe,"Područje je proglašeno zaštićenim 12. prosinca 1963. godine na površini od 10 ha. Izvor rijeke Kupe, jedna od mnogih još uvijek neriješenih zagonetki krša, jedno od najjačih, najvećih i najdubljih hrvatskih vrela. Na nadmorskoj visini od 321 m, vodena je masa oblikovala jezero zelenoplave boje koje će vas očarati svojim izgledom. Do samoga dna izvora još se nije došlo, a zadnji uron bio je do 154 m."
7,Risnjak,63.5,1953-09-15,https://www.risnjak.hr/,marketing@np-risnjak.hr,Gorski kotar,Hrvatska,00385 (0)51 836 133,Nacionalni Park Prirode,Risnjak - planinarski dom,Rodna kuća rijeke Kupe,"Rodna kuća rijeke Kupe centar je za prihvat, educiranje i informiranje posjetitelja koji svojim imenom jasno kazuje kako je smješten u neposrednoj blizini izvora Kupe, koja tako postaje jedina hrvatska rijeka s „rodnom kućom“, a u svom prostoru interpretira bogatu bioraznolikost ove tekućice."
7,Risnjak,63.5,1953-09-15,https://www.risnjak.hr/,marketing@np-risnjak.hr,Gorski kotar,Hrvatska,00385 (0)51 836 261,Nacionalni Park Prirode,Risnjak - planinarski dom,Rodna kuća rijeke Kupe,"Rodna kuća rijeke Kupe centar je za prihvat, educiranje i informiranje posjetitelja koji svojim imenom jasno kazuje kako je smješten u neposrednoj blizini izvora Kupe, koja tako postaje jedina hrvatska rijeka s „rodnom kućom“, a u svom prostoru interpretira bogatu bioraznolikost ove tekućice."
7,Risnjak,63.5,1953-09-15,https://www.risnjak.hr/,marketing@np-risnjak.hr,Gorski kotar,Hrvatska,00385 (0)51 836 133,Nacionalni Park Prirode,Risnjak - planinarski dom,Poučna staza Leska,"Godine 1993. u NP Risnjak otvorena je prva poučna staza unutar hrvatskih nacionalnih parkova - Leska. Staza je kružnog oblika, dužine 4200 metara i smještena je na nadmorskoj visini od 700 metara. Duž staze postavljene su ploče koje na hrvatskom i engleskom jeziku poučavaju posjetitelje o najznačajnijim objektima i pojavama karakterističnima kako za Risnjak, tako i za cijeli Gorski kotar."
7,Risnjak,63.5,1953-09-15,https://www.risnjak.hr/,marketing@np-risnjak.hr,Gorski kotar,Hrvatska,00385 (0)51 836 261,Nacionalni Park Prirode,Risnjak - planinarski dom,Poučna staza Leska,"Godine 1993. u NP Risnjak otvorena je prva poučna staza unutar hrvatskih nacionalnih parkova - Leska. Staza je kružnog oblika, dužine 4200 metara i smještena je na nadmorskoj visini od 700 metara. Duž staze postavljene su ploče koje na hrvatskom i engleskom jeziku poučavaju posjetitelje o najznačajnijim objektima i pojavama karakterističnima kako za Risnjak, tako i za cijeli Gorski kotar."
8,Sjeverni Velebit,109,1999-06-09,https://np-sjeverni-velebit.hr,promidzba@np-sjeverni-velebit.hr,Velebit,Hrvatska,00385 (0)53 665 393,Nacionalni Park Prirode,"Infocentar Krasno (Uprava NP Sjeverni Velebit), Krasno 96, Krasno",Velebitski botanički vrt,"U neposrednoj blizini Zavižana, petnaestak minuta hoda od planinarskog doma, nalazi se Velebitski botanički vrt osnovan 1967. godine, na inicijativu dr. Frana Kušana, profesora na Farmaceutsko-biokemijskom fakultetu u Zagrebu. Već 1969. godine vrt dobiva status spomenika parkovne arhitekture. Ideja koja je vodila osnivače botaničkog vrta aktualna je i danas - željeli su bogatstvo flore Velebita učiniti dostupnim ne samo znanstvenicima, istraživačima i zaljubljenicima u Velebit, nego i svim posjetiteljima koji dođu na Sjeverni Velebit. Nedugo nakon osnivanja vrta okolno je područje proglašeno posebnim botaničkim rezervatom Zavižan - Balinovac - Velika kosa."
9,Biokovo,195.5,1981-01-01,https://pp-biokovo.hr/en,info@pp-biokovo.hr,Splitsko-dalmatinska županija,Hrvatska,,Park Prirode,Ulazna recepcija Parka uz cestu D 512 Makarska - Vrgorac (8 km od smjera Makarske prema Vrgorcu),Biokovski botanički vrt Kotišina,"Smješten je na primorskim obroncima planine Biokovo iznad sela Kotišina, na nadmorskoj visini od 350 do 500 metara i dijelom je u Parku prirode Biokovo."
9,Biokovo,195.5,1981-01-01,https://pp-biokovo.hr/en,info@pp-biokovo.hr,Splitsko-dalmatinska županija,Hrvatska,,Park Prirode,"Infocentar Marineta u Makarskoj, Marineta - Mala obala 16, 21 300 Makarska",Biokovski botanički vrt Kotišina,"Smješten je na primorskim obroncima planine Biokovo iznad sela Kotišina, na nadmorskoj visini od 350 do 500 metara i dijelom je u Parku prirode Biokovo."
10,Dinara,630.52,2021-02-20,,,"Splitsko-dalmatinska županija, Šibensko-kninska županija",Hrvatska,,Park Prirode,,,
11,Kopački rit,177,1976-05-13,https://pp-kopacki-rit.hr/,prijemni.centar@pp-kopacki-rit.hr,Baranja,Hrvatska,00385 (0)31 445 445,Park Prirode,Prijemni centar Kopačevo,Šetnica bijelog lopoča,"Nova šetnica kroz ovo jedinstveno zaštićeno područje duga je ukupno 2550 m. Šetnica povezuje prijemni centar i pristanište brodova preko jezera Mali Sakadaš. Posjetitelji tijekom šetnje mogu doživjeti Kopački rit u malom, uživati u bogatoj ritskoj vegetaciji, trski, šašu te mnoštvu lopoča i vrbe."
11,Kopački rit,177,1976-05-13,https://pp-kopacki-rit.hr/,prijemni.centar@pp-kopacki-rit.hr,Baranja,Hrvatska,00385 (0)31 752 320,Park Prirode,Prijemni centar Kopačevo,Šetnica bijelog lopoča,"Nova šetnica kroz ovo jedinstveno zaštićeno područje duga je ukupno 2550 m. Šetnica povezuje prijemni centar i pristanište brodova preko jezera Mali Sakadaš. Posjetitelji tijekom šetnje mogu doživjeti Kopački rit u malom, uživati u bogatoj ritskoj vegetaciji, trski, šašu te mnoštvu lopoča i vrbe."
11,Kopački rit,177,1976-05-13,https://pp-kopacki-rit.hr/,prijemni.centar@pp-kopacki-rit.hr,Baranja,Hrvatska,00385 (0)31 752 322,Park Prirode,Prijemni centar Kopačevo,Šetnica bijelog lopoča,"Nova šetnica kroz ovo jedinstveno zaštićeno područje duga je ukupno 2550 m. Šetnica povezuje prijemni centar i pristanište brodova preko jezera Mali Sakadaš. Posjetitelji tijekom šetnje mogu doživjeti Kopački rit u malom, uživati u bogatoj ritskoj vegetaciji, trski, šašu te mnoštvu lopoča i vrbe."
11,Kopački rit,177,1976-05-13,https://pp-kopacki-rit.hr/,prijemni.centar@pp-kopacki-rit.hr,Baranja,Hrvatska,00385 (0)31 445 445,Park Prirode,Prijemni centar Kopačevo,Kompleks dvoraca Tikveš,"U srcu Baranje obuhvaćen Parkom prirode Kopački rit, smjestio se romantičarski arhitektonski sklop ladanjske arhitekture – kompleks dvoraca Tikveš. To je prostor šuma i perivoja unutar kojega su smješteni rezidencijalni objekti: novi dvorac s aneksom, stari dvorac, mali sakralni objekt (kapelica Papinog blagoslova), te prateći objekti s restoranom."
11,Kopački rit,177,1976-05-13,https://pp-kopacki-rit.hr/,prijemni.centar@pp-kopacki-rit.hr,Baranja,Hrvatska,00385 (0)31 752 320,Park Prirode,Prijemni centar Kopačevo,Kompleks dvoraca Tikveš,"U srcu Baranje obuhvaćen Parkom prirode Kopački rit, smjestio se romantičarski arhitektonski sklop ladanjske arhitekture – kompleks dvoraca Tikveš. To je prostor šuma i perivoja unutar kojega su smješteni rezidencijalni objekti: novi dvorac s aneksom, stari dvorac, mali sakralni objekt (kapelica Papinog blagoslova), te prateći objekti s restoranom."
11,Kopački rit,177,1976-05-13,https://pp-kopacki-rit.hr/,prijemni.centar@pp-kopacki-rit.hr,Baranja,Hrvatska,00385 (0)31 752 322,Park Prirode,Prijemni centar Kopačevo,Kompleks dvoraca Tikveš,"U srcu Baranje obuhvaćen Parkom prirode Kopački rit, smjestio se romantičarski arhitektonski sklop ladanjske arhitekture – kompleks dvoraca Tikveš. To je prostor šuma i perivoja unutar kojega su smješteni rezidencijalni objekti: novi dvorac s aneksom, stari dvorac, mali sakralni objekt (kapelica Papinog blagoslova), te prateći objekti s restoranom."
12,Lonsko Polje,506.5,1993-02-03,http://www.pp-lonjsko-polje.hr,info@pp-lonjsko-polje.hr,Lonsko Polje,Hrvatska,00385 (0)44 672 080,Park Prirode,"Čigoč 26, 44203 Gušće",,
12,Lonsko Polje,506.5,1993-02-03,http://www.pp-lonjsko-polje.hr,info@pp-lonjsko-polje.hr,Lonsko Polje,Hrvatska,00385 (0)44 611 190,Park Prirode,"Čigoč 26, 44203 Gušće",,
12,Lonsko Polje,506.5,1993-02-03,http://www.pp-lonjsko-polje.hr,info@pp-lonjsko-polje.hr,Lonsko Polje,Hrvatska,00385 (0)44 672 080,Park Prirode,"Krapje 18, 44324 Jasenovac",,
12,Lonsko Polje,506.5,1993-02-03,http://www.pp-lonjsko-polje.hr,info@pp-lonjsko-polje.hr,Lonsko Polje,Hrvatska,00385 (0)44 611 190,Park Prirode,"Krapje 18, 44324 Jasenovac",,
13,Medvednica,179.38,1981-06-16,https://www.pp-medvednica.hr/,info@pp-medvednica.hr,Grad Zagreb,Hrvatska,00385 (0)1 458 6317,Park Prirode,Rudnik Zrinski (Malo Sljeme bb),Petsto Horvatovih stuba,Petsto kamenih stuba mnogi smatraju najimpresivnijim i najljepšim lokalitetom izgrađenim ljudskom rukom na ovoj planini.
13,Medvednica,179.38,1981-06-16,https://www.pp-medvednica.hr/,info@pp-medvednica.hr,Grad Zagreb,Hrvatska,00385 (0)1 458 6317,Park Prirode,Srednjovjekovni grad Medvedgrad (Sljemenska cesta bb),Petsto Horvatovih stuba,Petsto kamenih stuba mnogi smatraju najimpresivnijim i najljepšim lokalitetom izgrađenim ljudskom rukom na ovoj planini.
13,Medvednica,179.38,1981-06-16,https://www.pp-medvednica.hr/,info@pp-medvednica.hr,Grad Zagreb,Hrvatska,00385 (0)1 458 6317,Park Prirode,Špilja Veternica (Glavica bb),Petsto Horvatovih stuba,Petsto kamenih stuba mnogi smatraju najimpresivnijim i najljepšim lokalitetom izgrađenim ljudskom rukom na ovoj planini.
14,Papuk,336,1999-04-23,https://www.pp-papuk.hr/,kontakt@pp-papuk.hr,"Virovitičko-podravska, Požeško-slavonska županija",Hrvatska,00385 (0)34 313 029,Park Prirode,Jankovac - Ekotočka Jankovac,Stari grad Kaptol,"U središtu mjesta Kaptol nalaze se u velikom opsegu sačuvani ostaci utvrde, crkve i stambenog trakta, te nedavno obnovljen crkveni zvonik. Kaptolska utvrda šesterokutni je kasnogotičko-renesansni kaštel s kružnim polukulama i četvrtastom ulaznom kulom."
14,Papuk,336,1999-04-23,https://www.pp-papuk.hr/,kontakt@pp-papuk.hr,"Virovitičko-podravska, Požeško-slavonska županija",Hrvatska,00385 (0)34 313 030,Park Prirode,Jankovac - Ekotočka Jankovac,Stari grad Kaptol,"U središtu mjesta Kaptol nalaze se u velikom opsegu sačuvani ostaci utvrde, crkve i stambenog trakta, te nedavno obnovljen crkveni zvonik. Kaptolska utvrda šesterokutni je kasnogotičko-renesansni kaštel s kružnim polukulama i četvrtastom ulaznom kulom."
14,Papuk,336,1999-04-23,https://www.pp-papuk.hr/,kontakt@pp-papuk.hr,"Virovitičko-podravska, Požeško-slavonska županija",Hrvatska,00385 (0)34 313 029,Park Prirode,"Velika, S. Radića 46 - Centar za posjetitelje",Stari grad Kaptol,"U središtu mjesta Kaptol nalaze se u velikom opsegu sačuvani ostaci utvrde, crkve i stambenog trakta, te nedavno obnovljen crkveni zvonik. Kaptolska utvrda šesterokutni je kasnogotičko-renesansni kaštel s kružnim polukulama i četvrtastom ulaznom kulom."
14,Papuk,336,1999-04-23,https://www.pp-papuk.hr/,kontakt@pp-papuk.hr,"Virovitičko-podravska, Požeško-slavonska županija",Hrvatska,00385 (0)34 313 030,Park Prirode,"Velika, S. Radića 46 - Centar za posjetitelje",Stari grad Kaptol,"U središtu mjesta Kaptol nalaze se u velikom opsegu sačuvani ostaci utvrde, crkve i stambenog trakta, te nedavno obnovljen crkveni zvonik. Kaptolska utvrda šesterokutni je kasnogotičko-renesansni kaštel s kružnim polukulama i četvrtastom ulaznom kulom."
